"","A","B","N","Method","Result"
"1",1,2,10000,"Правых прямоугольников",2.73114823953114
"2",1,2,10000,"Трапеций",2.73112410121298
"3",1,2,10000,"Серединных прямоугольников",2.73112411486029
"4",1,2,10000,"Симпсона",2.73124579359087
"5",10,25,1000,"Серединных прямоугольников",0.0591111012144929
"6",3,7,100,"Симпсона",3.77094113466866
